{"cameraMode":{"drawMode":0,"name":"Shaded","section":"Shading Mode"},"sceneLighting":true,"audioPlay":false,"sceneViewState":{"showFog":true,"showMaterialUpdate":false,"showSkybox":true,"showFlares":true,"showImageEffects":true,"showParticleSystems":true},"in2DMode":false,"pivot":{"x":24.70896339416504,"y":6.299842357635498,"z":-10.431316375732422},"rotation":{"x":-0.186706081032753,"y":0.00384240853600204,"z":-0.0007302818121388555,"w":-0.9824081063270569},"size":2.8578836917877199,"orthographic":false}