{"cameraMode":{"drawMode":0,"name":"Shaded","section":"Shading Mode"},"sceneLighting":false,"audioPlay":false,"sceneViewState":{"showFog":true,"showMaterialUpdate":false,"showSkybox":false,"showFlares":true,"showImageEffects":true,"showParticleSystems":true},"in2DMode":false,"pivot":{"x":28.799999237060548,"y":3.399059534072876,"z":0.75},"rotation":{"x":0.039652325212955478,"y":-0.4361526668071747,"z":-0.01924223266541958,"w":-0.8987926840782166},"size":3.9722490310668947,"orthographic":false}