{"cameraMode":{"drawMode":0,"name":"Shaded","section":"Shading Mode"},"sceneLighting":true,"audioPlay":false,"sceneViewState":{"showFog":true,"showMaterialUpdate":false,"showSkybox":true,"showFlares":true,"showImageEffects":true,"showParticleSystems":true},"in2DMode":false,"pivot":{"x":2.7965095043182375,"y":4.408952713012695,"z":-5.032981872558594},"rotation":{"x":-0.15262189507484437,"y":0.03350723162293434,"z":-0.005177678540349007,"w":-0.9877029657363892},"size":2.8578836917877199,"orthographic":false}