{"cameraMode":{"drawMode":0,"name":"Shaded","section":"Shading Mode"},"sceneLighting":true,"audioPlay":false,"sceneViewState":{"showFog":true,"showMaterialUpdate":false,"showSkybox":true,"showFlares":true,"showImageEffects":true,"showParticleSystems":true},"in2DMode":false,"pivot":{"x":-3.1632275581359865,"y":1.6490912437438965,"z":-3.890263557434082},"rotation":{"x":0.04768272489309311,"y":-0.2438022792339325,"z":-0.012002368457615376,"w":-0.9685777425765991},"size":2.5578837394714357,"orthographic":false}