{"cameraMode":{"drawMode":0,"name":"Shaded","section":"Shading Mode"},"sceneLighting":true,"audioPlay":false,"sceneViewState":{"showFog":true,"showMaterialUpdate":false,"showSkybox":true,"showFlares":true,"showImageEffects":true,"showParticleSystems":true},"in2DMode":false,"pivot":{"x":2.90789794921875,"y":2.5010862350463869,"z":5.081133842468262},"rotation":{"x":0.09547334164381027,"y":0.392991840839386,"z":-0.04106598719954491,"w":0.9136497378349304},"size":20.417245864868165,"orthographic":false}