{"cameraMode":{"drawMode":0,"name":"Shaded","section":"Shading Mode"},"sceneLighting":true,"audioPlay":false,"sceneViewState":{"showFog":true,"showMaterialUpdate":false,"showSkybox":true,"showFlares":true,"showImageEffects":true,"showParticleSystems":true},"in2DMode":false,"pivot":{"x":-0.524072527885437,"y":1.6406952142715455,"z":-0.6272329092025757},"rotation":{"x":0.07571111619472504,"y":-0.060064028948545459,"z":0.004569481126964092,"w":0.9953086376190186},"size":4.442075252532959,"orthographic":false}