{"cameraMode":{"drawMode":0,"name":"Shaded","section":"Shading Mode"},"sceneLighting":false,"audioPlay":false,"sceneViewState":{"showFog":true,"showMaterialUpdate":false,"showSkybox":false,"showFlares":true,"showImageEffects":true,"showParticleSystems":true},"in2DMode":false,"pivot":{"x":31.060009002685548,"y":0.6028872728347778,"z":0.8947296142578125},"rotation":{"x":-0.09674231708049774,"y":-0.21823866665363313,"z":0.021747015416622163,"w":-0.9708449244499207},"size":4.539516448974609,"orthographic":false}