{"cameraMode":{"drawMode":0,"name":"Shaded","section":"Shading Mode"},"sceneLighting":false,"audioPlay":false,"sceneViewState":{"showFog":true,"showMaterialUpdate":false,"showSkybox":false,"showFlares":true,"showImageEffects":true,"showParticleSystems":true},"in2DMode":false,"pivot":{"x":-17.27155876159668,"y":-58.07426452636719,"z":145.97952270507813},"rotation":{"x":0.18311549723148347,"y":-0.0612899512052536,"z":0.011439451016485691,"w":0.9811123609542847},"size":167.03224182128907,"orthographic":false}