{"cameraMode":{"drawMode":0,"name":"Shaded","section":"Shading Mode"},"sceneLighting":false,"audioPlay":false,"sceneViewState":{"showFog":true,"showMaterialUpdate":false,"showSkybox":false,"showFlares":true,"showImageEffects":true,"showParticleSystems":true},"in2DMode":false,"pivot":{"x":24.56540298461914,"y":1.5878503322601319,"z":-0.3153778314590454},"rotation":{"x":0.1450730264186859,"y":-0.17442135512828828,"z":0.025990961119532586,"w":0.9735787510871887},"size":7.713508129119873,"orthographic":false}